ID,anger,anticipation,disgust,fear,joy,love,optimism,pessimism,sadness,surprise,trust
2018-Es-06697,False,True,False,False,False,False,False,False,False,False,False
2018-Es-05385,False,False,False,False,False,False,False,True,False,False,False
2018-Es-03777,False,False,False,False,False,False,False,False,False,False,False
2018-Es-02175,False,False,False,False,True,False,False,False,False,False,False
2018-Es-00726,True,False,False,False,False,False,False,False,True,False,False
2018-Es-01137,False,False,False,False,False,False,False,True,True,False,False
2018-Es-04129,False,False,False,False,False,False,False,False,False,False,False
2018-Es-04463,False,False,False,False,False,False,False,False,True,False,False
2018-Es-04699,False,False,False,False,False,False,False,False,False,False,False
2018-Es-01259,False,False,False,False,True,False,False,False,False,False,False
2018-Es-04284,False,False,True,False,False,False,False,False,False,False,False
2018-Es-05718,False,False,False,False,True,False,False,False,False,False,False
2018-Es-01454,True,False,False,False,False,False,False,False,False,False,False
2018-Es-02040,False,False,False,False,True,False,False,False,False,False,False
2018-Es-02237,False,False,False,False,True,False,False,False,False,False,False
2018-Es-06767,False,False,False,False,False,False,False,True,False,False,False
2018-Es-06469,False,False,False,False,True,False,False,False,False,False,False
2018-Es-00590,False,False,False,False,True,False,False,False,False,False,False
2018-Es-01679,False,False,False,True,False,False,False,False,False,False,False
2018-Es-05485,True,False,False,False,False,False,False,False,False,False,False
2018-Es-06617,True,False,False,False,False,False,False,False,False,False,False
2018-Es-01576,True,False,False,False,False,False,False,False,False,False,False
2018-Es-03432,False,False,False,False,False,False,False,True,True,False,False
2018-Es-06139,False,False,False,False,False,False,False,False,False,True,False
2018-Es-05268,False,False,False,False,False,False,False,False,False,False,False
2018-Es-02391,True,False,False,False,True,False,False,False,False,False,False
2018-Es-01460,False,False,False,False,False,False,False,False,False,False,False
2018-Es-04519,False,False,False,False,False,False,False,False,False,False,False
2018-Es-06812,False,True,False,False,False,False,False,False,False,False,False
2018-Es-02128,False,False,False,False,False,False,False,True,False,False,False
2018-Es-05671,False,False,False,False,False,False,False,False,True,True,False
2018-Es-00468,False,False,False,False,False,False,False,False,False,False,False
2018-Es-03607,False,False,False,False,False,False,False,False,False,False,False
2018-Es-02174,True,False,False,False,False,False,False,False,False,False,False
2018-Es-05945,False,False,False,False,False,False,False,False,True,False,False
2018-Es-04075,False,False,False,False,False,False,False,False,False,False,False
2018-Es-00684,False,False,False,False,True,False,True,False,False,False,False
2018-Es-01451,True,False,False,False,False,False,False,False,True,False,False
2018-Es-06127,False,False,False,False,False,False,False,False,False,False,False
2018-Es-04620,False,False,False,False,False,False,False,False,False,False,False
2018-Es-05188,False,False,False,False,False,False,False,False,False,False,False
2018-Es-01711,True,False,False,False,False,False,False,False,False,False,False
2018-Es-03250,False,False,False,False,False,False,False,False,False,False,False
2018-Es-05779,False,True,False,False,True,False,False,False,False,False,False
2018-Es-03341,False,False,False,False,False,False,False,False,False,False,False
2018-Es-06537,False,False,False,False,False,False,False,False,False,False,False
2018-Es-03037,False,False,False,True,False,False,False,False,False,False,False
2018-Es-05878,False,False,False,False,False,False,False,False,True,False,False
2018-Es-02666,False,False,False,False,False,False,False,False,False,True,False
2018-Es-05250,False,False,False,False,False,False,False,False,False,False,False
2018-Es-02910,False,False,False,False,True,True,False,False,False,False,False
2018-Es-00882,True,False,False,False,False,False,False,False,False,False,False
2018-Es-03123,False,False,False,False,False,False,False,False,False,False,False
2018-Es-00200,False,False,False,False,False,False,False,False,False,False,False
2018-Es-03728,True,False,True,False,False,False,False,False,False,False,False
2018-Es-01046,False,False,False,False,True,False,True,False,False,False,False
2018-Es-02141,False,False,False,False,False,False,False,False,True,False,False
2018-Es-03214,True,False,True,True,False,False,False,False,False,False,False
2018-Es-00971,False,False,False,False,False,False,False,False,False,False,False
2018-Es-06268,True,False,False,False,False,False,False,False,False,False,True
2018-Es-02897,True,False,False,False,False,False,False,False,False,False,False
2018-Es-03546,False,False,False,False,False,False,False,False,False,False,False
2018-Es-00560,False,False,False,False,False,False,False,False,False,False,False
2018-Es-00350,True,False,False,False,False,False,False,False,True,False,False
2018-Es-01674,False,False,False,False,True,False,False,False,True,False,False
2018-Es-03926,False,False,False,True,False,False,False,False,False,False,False
2018-Es-04541,False,False,False,False,False,False,False,False,False,False,True
2018-Es-06449,True,False,False,False,False,False,False,False,False,False,False
2018-Es-06820,False,False,False,False,False,False,False,False,False,False,False
2018-Es-03675,False,False,False,False,True,False,False,False,False,False,False
2018-Es-03682,False,False,False,False,False,False,False,False,True,False,False
2018-Es-00988,False,False,False,False,False,False,False,False,False,False,False
2018-Es-06005,True,False,False,False,False,False,False,False,False,False,False
2018-Es-03707,False,False,False,False,False,False,False,False,False,False,False
2018-Es-02184,False,False,False,False,True,False,False,False,False,False,False
2018-Es-02668,False,False,False,False,False,False,False,False,True,False,False
2018-Es-00122,False,False,False,False,False,False,False,False,False,False,False
2018-Es-05780,False,False,False,False,False,True,False,False,False,False,False
2018-Es-04022,False,False,False,False,True,False,False,False,False,False,False
2018-Es-04337,False,False,True,False,False,False,False,False,False,False,False
2018-Es-04747,False,False,False,False,False,False,False,False,False,False,False
2018-Es-03821,False,False,False,False,False,False,False,False,True,False,True
2018-Es-02401,False,False,False,True,False,False,False,False,False,False,False
2018-Es-05568,False,False,False,False,False,False,False,False,False,False,False
2018-Es-04705,False,False,False,False,True,False,False,True,False,False,False
2018-Es-02721,False,False,False,False,True,False,False,False,False,False,False
2018-Es-04208,False,False,False,False,False,False,False,False,False,True,False
2018-Es-06326,False,False,False,True,True,False,False,False,False,False,False
2018-Es-03119,False,False,False,False,True,False,False,False,False,False,False
2018-Es-02626,False,False,False,False,True,False,False,False,False,False,False
2018-Es-06785,False,False,False,False,False,False,False,False,False,False,False
2018-Es-02097,False,False,False,False,True,True,False,False,False,False,False
2018-Es-03348,True,False,False,False,False,False,False,False,False,False,False
2018-Es-03719,False,False,False,False,False,False,False,False,True,False,False
2018-Es-02777,False,False,False,False,False,False,False,False,False,False,False
2018-Es-06926,False,False,False,True,False,False,False,False,False,False,False
2018-Es-01374,True,False,False,False,False,False,False,False,False,False,False
2018-Es-06645,False,False,False,False,True,False,True,False,False,False,False
2018-Es-02549,False,False,False,False,True,False,False,False,False,False,False
2018-Es-04879,True,False,False,False,True,False,False,False,False,False,False
2018-Es-05592,False,True,False,False,False,False,False,False,False,False,False
2018-Es-01163,True,False,False,False,False,False,False,False,False,False,False
2018-Es-05710,True,False,False,False,True,False,False,False,True,False,False
2018-Es-01966,False,False,False,False,True,False,False,False,False,False,False
2018-Es-05820,False,False,False,False,True,False,False,False,False,False,False
2018-Es-02991,False,False,False,False,False,False,False,False,False,False,False
2018-Es-00792,False,False,False,False,False,False,False,False,False,False,False
2018-Es-04918,False,False,True,False,False,True,False,False,False,False,False
2018-Es-04392,False,False,False,False,False,False,False,False,False,False,True
2018-Es-04505,True,False,False,False,False,False,False,True,True,False,False
2018-Es-01985,False,False,False,False,True,False,False,False,False,False,False
2018-Es-06029,False,False,False,False,False,False,False,False,True,False,False
2018-Es-03517,False,False,True,False,False,False,False,False,False,False,False
2018-Es-02463,True,False,False,False,False,False,False,False,False,False,False
2018-Es-03333,False,False,False,False,False,False,False,False,False,False,False
2018-Es-06838,False,False,False,False,True,False,False,False,False,False,False
2018-Es-02063,False,False,False,False,False,False,False,False,False,False,False
2018-Es-00770,False,False,False,False,False,False,False,False,False,False,False
2018-Es-03912,True,False,False,False,True,False,True,False,True,False,False
2018-Es-04350,True,False,True,False,True,False,False,False,False,False,False
2018-Es-00763,False,False,False,False,False,False,False,False,False,False,False
2018-Es-03856,True,False,True,False,True,False,False,False,False,False,False
2018-Es-04766,False,False,False,False,False,False,False,True,False,False,False
2018-Es-05001,False,False,True,False,False,False,False,False,True,False,False
2018-Es-04805,False,True,False,False,False,False,False,False,True,False,False
2018-Es-01473,False,False,False,False,True,False,False,False,False,False,True
2018-Es-05175,False,False,False,False,False,False,False,True,True,False,False
2018-Es-00983,False,False,False,False,True,False,False,False,False,False,False
2018-Es-00178,False,False,False,False,True,False,False,False,False,False,False
2018-Es-01556,False,False,False,False,False,False,False,False,False,False,False
2018-Es-04099,True,False,False,False,False,False,False,False,False,False,False
2018-Es-00064,True,False,False,False,False,False,False,False,False,False,False
2018-Es-01916,False,False,False,False,False,False,False,False,False,False,False
2018-Es-01520,False,False,False,False,True,False,False,False,False,False,False
2018-Es-05228,False,False,False,False,False,False,False,False,False,False,False
2018-Es-01106,False,False,False,False,True,False,False,False,False,False,False
2018-Es-04663,True,False,False,False,False,False,False,False,False,False,False
2018-Es-04179,False,False,False,False,False,False,False,False,True,False,False
2018-Es-01705,False,False,False,False,False,False,False,False,True,False,False
2018-Es-02389,True,False,False,False,False,False,False,False,False,False,False
2018-Es-04325,False,False,False,True,False,False,False,False,False,False,False
2018-Es-00007,False,False,False,False,False,False,False,False,False,False,False
2018-Es-01228,False,False,False,False,False,False,False,False,False,False,False
2018-Es-06696,True,False,False,False,False,True,False,False,False,False,False
2018-Es-05936,False,False,False,False,False,False,False,False,False,False,False
2018-Es-03843,False,False,False,False,True,False,False,False,False,False,False
2018-Es-02180,False,False,False,False,False,False,False,False,False,False,False
2018-Es-04168,False,False,False,False,True,False,False,False,False,False,False
2018-Es-03946,False,False,False,False,False,False,False,False,False,False,False
2018-Es-05964,False,False,False,False,False,False,False,False,False,False,False
2018-Es-00899,False,False,False,False,True,False,False,False,False,False,True
2018-Es-00896,False,False,False,False,False,False,False,False,True,False,False
2018-Es-05645,False,False,False,False,False,False,False,False,True,False,False
2018-Es-06272,False,False,False,False,False,False,False,False,False,False,False
2018-Es-01800,True,False,False,False,False,False,False,False,False,False,False
2018-Es-05215,True,False,False,False,False,False,False,False,False,False,False
2018-Es-04622,False,False,False,False,True,True,False,False,False,False,False
2018-Es-04709,False,False,False,True,False,False,False,False,False,False,False
2018-Es-04218,False,False,False,False,False,False,False,False,False,False,False
2018-Es-04640,False,False,False,False,False,False,False,False,False,False,False
2018-Es-02637,False,False,False,False,False,False,False,False,False,False,False
2018-Es-03098,False,False,False,False,False,False,False,False,False,False,False
2018-Es-01832,False,False,True,False,False,False,False,False,False,False,False
2018-Es-06792,False,False,False,False,True,False,False,False,False,False,False
2018-Es-06708,False,False,False,False,False,False,False,False,False,False,False
2018-Es-05160,False,False,False,False,True,False,False,False,False,False,False
2018-Es-01748,False,True,False,False,True,False,False,False,False,False,False
2018-Es-05827,False,False,False,False,False,False,False,False,True,False,False
2018-Es-03520,False,False,False,False,False,False,False,False,False,False,False
2018-Es-04355,False,False,False,False,True,True,False,False,True,False,False
2018-Es-00202,True,False,False,False,False,False,False,False,False,False,False
2018-Es-05316,False,False,False,False,True,False,False,False,False,False,False
2018-Es-01932,False,False,False,False,False,False,False,False,True,False,False
2018-Es-01792,True,False,False,False,False,False,False,False,False,False,False
2018-Es-00072,False,False,False,False,False,False,False,False,False,False,False
2018-Es-00570,False,False,False,False,False,False,False,False,True,False,False
2018-Es-02738,False,False,False,False,False,False,False,False,False,False,False
2018-Es-05666,False,False,False,True,False,False,False,False,False,False,False
2018-Es-04281,False,False,True,False,False,False,False,False,True,False,False
2018-Es-06349,False,False,False,False,True,True,False,False,False,False,False
2018-Es-01786,True,False,False,False,False,False,False,True,True,False,False
2018-Es-02006,False,False,True,False,False,False,False,False,False,False,False
2018-Es-06460,False,False,False,False,False,False,False,False,True,False,False
2018-Es-03497,False,False,False,False,True,False,False,False,False,False,True
2018-Es-01842,False,False,False,False,False,False,False,False,False,False,False
2018-Es-00162,False,False,False,True,False,False,False,False,False,False,False
2018-Es-04088,False,False,False,False,False,False,False,False,False,False,False
2018-Es-06598,True,False,False,False,False,False,False,False,False,False,False
2018-Es-02567,True,False,False,False,False,False,False,False,False,False,False
2018-Es-03765,False,False,False,False,True,False,False,False,False,False,False
2018-Es-01963,False,False,False,False,True,False,False,False,False,False,False
2018-Es-00708,False,False,False,False,True,False,False,False,False,False,False
2018-Es-02711,True,False,False,False,False,True,False,False,False,False,False
2018-Es-04971,False,False,False,True,False,True,False,False,False,False,False
2018-Es-02614,False,False,False,False,False,False,False,False,False,False,False
2018-Es-02856,False,False,False,False,False,False,False,True,True,False,False
2018-Es-02150,False,False,False,False,False,False,False,False,True,False,False
2018-Es-05798,True,False,False,False,True,False,False,False,False,False,False
2018-Es-02952,False,True,False,True,False,False,False,False,False,False,False
2018-Es-03409,False,False,False,False,False,False,False,False,False,False,False
2018-Es-02195,False,False,False,False,True,False,False,False,False,False,True
2018-Es-06629,False,False,False,False,False,False,False,False,False,False,False
2018-Es-06016,False,False,False,False,False,False,False,False,False,False,False
2018-Es-03544,False,False,False,False,False,False,False,False,True,False,False
2018-Es-04670,False,False,False,False,False,False,False,False,False,False,False
2018-Es-02246,False,False,False,False,False,False,False,False,False,False,False
2018-Es-02300,False,False,True,False,True,False,True,False,False,False,False
2018-Es-05418,False,True,False,False,False,False,False,False,False,False,False
2018-Es-01349,False,False,False,False,False,False,False,False,False,False,False
2018-Es-06350,False,False,False,False,False,False,False,False,False,False,False
2018-Es-06053,False,False,False,True,False,False,False,False,False,False,False
2018-Es-05887,False,False,False,False,False,False,False,False,False,False,False
2018-Es-05350,False,False,False,False,True,False,False,False,False,False,False
2018-Es-05867,False,False,False,False,False,False,False,False,True,False,False
2018-Es-04899,False,True,False,False,True,False,False,False,True,False,False
2018-Es-00920,False,False,False,False,False,False,False,False,False,False,False
2018-Es-06288,False,False,False,False,False,True,False,False,False,False,False
2018-Es-02284,False,False,False,False,False,False,False,False,False,False,True
2018-Es-06061,False,False,False,False,False,False,False,False,False,False,False
2018-Es-04486,False,False,False,False,False,False,False,False,True,False,False
2018-Es-02134,False,False,False,True,False,False,False,False,False,False,False
2018-Es-05770,False,False,False,False,False,False,False,False,True,False,False
2018-Es-03829,False,False,False,False,False,False,False,False,False,False,False
2018-Es-03899,False,False,False,False,False,False,False,False,False,False,False
2018-Es-01151,False,False,False,False,True,True,False,True,False,False,False
2018-Es-04058,False,False,False,False,False,False,False,False,False,False,False
2018-Es-03080,False,False,False,False,False,False,False,False,False,False,False
2018-Es-04992,True,False,False,False,False,False,False,False,False,False,False
2018-Es-02787,False,False,False,False,False,True,False,False,True,False,False
2018-Es-02698,False,False,False,True,False,False,False,False,False,False,False
2018-Es-02241,False,False,False,False,False,False,False,True,False,False,False
2018-Es-03335,False,False,False,False,False,False,False,False,False,False,False
2018-Es-01701,False,False,False,False,True,False,False,False,False,False,False
2018-Es-04983,False,False,False,False,False,False,False,False,True,False,False
2018-Es-02816,False,False,False,False,True,False,False,False,True,False,False
2018-Es-04006,False,False,False,False,False,False,False,False,False,False,False
2018-Es-06031,False,False,False,False,False,False,False,False,True,False,False
2018-Es-00275,False,False,True,True,False,False,False,False,False,False,False
2018-Es-02812,False,False,False,False,False,False,False,False,True,False,False
2018-Es-04933,False,False,False,False,False,False,False,False,False,False,False
2018-Es-00226,False,False,False,False,True,False,False,False,False,False,False
2018-Es-05018,False,False,False,False,False,False,False,False,False,False,False
2018-Es-04570,False,False,False,False,False,False,False,False,False,False,False
2018-Es-04449,False,False,False,False,False,False,True,False,True,False,False
2018-Es-01608,False,False,False,False,False,False,False,False,False,False,False
2018-Es-00935,False,False,False,False,False,False,False,False,True,False,False
2018-Es-01280,False,True,False,False,False,False,False,False,False,False,False
2018-Es-05134,False,False,False,False,False,False,False,False,False,False,False
2018-Es-02398,False,False,True,False,False,False,False,False,False,False,False
2018-Es-04237,False,False,False,False,False,False,False,False,False,False,False
2018-Es-02052,True,False,False,False,False,False,False,False,True,False,False
2018-Es-06580,False,True,False,True,False,False,False,False,False,False,False
2018-Es-06435,True,False,True,False,False,False,False,False,False,False,False
2018-Es-01230,False,False,True,False,False,False,False,False,False,False,False
2018-Es-05320,False,False,False,False,True,False,False,False,False,False,False
2018-Es-03833,False,True,False,False,False,False,False,False,True,False,False
2018-Es-02342,True,False,False,False,False,False,False,False,False,False,False
2018-Es-04718,False,False,False,False,False,False,False,False,True,False,False
2018-Es-02829,False,False,False,False,False,False,False,False,False,False,False
2018-Es-03483,False,False,False,False,False,False,False,False,False,False,False
2018-Es-04843,False,False,False,False,True,False,False,False,False,False,False
2018-Es-06344,False,False,False,False,False,False,False,False,False,False,False
2018-Es-05720,False,False,False,False,True,False,False,False,False,False,False
2018-Es-06528,True,False,False,False,False,False,False,False,False,False,False
2018-Es-03136,True,False,False,False,False,False,False,False,True,False,False
2018-Es-02067,False,False,False,False,True,False,False,False,True,False,False
2018-Es-00243,False,False,False,False,False,False,False,False,False,False,False
2018-Es-00465,False,False,False,False,False,False,False,False,True,False,False
2018-Es-00283,True,False,False,False,False,False,False,False,False,False,False
2018-Es-04414,False,False,True,False,False,False,False,False,False,False,False
2018-Es-05968,True,False,False,False,False,False,False,False,False,False,False
2018-Es-03808,False,False,True,False,False,False,False,False,False,False,False
2018-Es-00829,False,False,False,False,False,False,True,False,False,False,False
2018-Es-06808,False,False,False,False,False,False,False,False,False,False,False
2018-Es-03397,False,False,False,False,False,False,False,False,False,False,False
2018-Es-03848,False,False,False,False,False,False,False,False,False,False,False
2018-Es-06519,False,False,False,False,False,False,False,False,False,False,False
2018-Es-00412,False,False,False,False,False,True,False,False,False,False,False
2018-Es-05903,False,False,False,False,False,False,False,False,True,False,False
2018-Es-00997,True,False,False,False,False,False,False,False,False,False,False
2018-Es-01065,False,False,False,False,False,False,False,False,True,False,False
2018-Es-01248,False,False,False,False,True,False,False,False,False,False,False
2018-Es-04812,False,False,False,False,False,False,False,False,True,False,False
2018-Es-06667,False,False,False,False,False,False,False,False,False,False,False
2018-Es-01764,False,False,False,False,True,False,False,False,False,False,False
2018-Es-00455,False,False,False,False,True,False,False,False,False,False,False
2018-Es-03200,False,False,False,False,False,False,False,False,True,False,False
2018-Es-00352,False,False,False,False,False,False,False,False,False,False,False
2018-Es-05005,False,False,False,False,False,False,False,False,False,False,False
2018-Es-02541,True,False,False,False,False,False,False,False,False,False,False
2018-Es-03360,False,False,False,False,True,False,False,False,False,False,False
2018-Es-06090,False,True,False,False,False,False,False,False,False,False,True
2018-Es-01563,False,False,False,False,False,False,False,False,True,False,False
2018-Es-05515,False,False,False,False,True,False,False,False,False,False,False
2018-Es-04050,False,True,False,False,False,False,False,False,False,False,False
2018-Es-01611,False,False,False,False,False,False,False,False,False,False,False
2018-Es-04882,False,False,False,False,False,False,False,False,True,False,False
2018-Es-04008,False,False,False,False,False,False,False,False,False,False,False
2018-Es-03006,False,False,False,False,True,False,False,False,False,False,False
2018-Es-06190,True,False,False,False,False,False,False,False,True,False,False
2018-Es-02747,False,False,False,False,False,False,False,False,True,False,False
2018-Es-02290,False,False,False,False,False,False,False,False,False,False,False
2018-Es-03208,True,False,False,False,False,False,False,False,False,False,True
2018-Es-05262,True,False,False,False,True,False,False,False,False,False,False
2018-Es-00475,False,False,False,True,False,False,False,False,False,False,False
2018-Es-05918,True,False,False,False,False,True,False,False,False,False,False
2018-Es-03449,True,False,True,False,False,False,False,False,False,False,False
2018-Es-04784,False,False,False,False,False,False,False,False,False,False,False
2018-Es-06707,False,False,False,False,False,False,False,False,False,False,False
2018-Es-00360,False,False,False,False,False,False,False,False,False,False,False
2018-Es-02498,True,False,False,False,True,False,True,False,False,False,False
2018-Es-06306,True,False,False,False,False,False,False,False,False,False,False
2018-Es-01378,False,False,False,False,False,False,False,False,False,False,False
2018-Es-01882,True,False,False,False,False,False,False,False,True,False,False
2018-Es-04091,False,False,False,False,False,False,False,False,True,False,False
2018-Es-06284,False,False,False,False,False,False,False,True,False,False,False
2018-Es-01720,False,False,False,False,False,False,False,False,True,False,False
2018-Es-04140,False,False,False,False,True,True,False,False,False,False,False
2018-Es-03069,True,False,False,False,False,False,False,False,False,False,False
2018-Es-05313,False,False,False,False,False,False,False,False,False,False,False
2018-Es-03879,False,False,False,False,True,False,False,False,False,False,False
2018-Es-00516,False,False,False,False,False,False,False,False,False,False,False
2018-Es-05428,False,False,False,False,True,True,False,False,False,False,False
2018-Es-01601,False,False,False,False,False,False,False,False,False,False,False
2018-Es-00781,False,False,False,False,False,False,False,False,True,False,False
2018-Es-04825,True,False,False,True,False,False,False,False,False,False,False
2018-Es-01648,True,False,False,False,False,False,False,False,True,False,False
2018-Es-02892,False,False,False,False,True,False,False,False,False,False,False
2018-Es-04515,False,False,False,False,False,False,False,False,False,False,False
2018-Es-05384,False,False,False,False,False,False,False,False,False,False,False
2018-Es-06258,False,False,False,False,False,False,False,False,False,False,False
2018-Es-03122,False,False,False,False,False,False,False,False,True,False,False
2018-Es-03986,False,False,False,False,False,False,False,False,False,False,False
2018-Es-04065,False,False,False,False,False,False,False,False,True,False,False
2018-Es-00712,False,False,False,False,False,False,False,False,False,False,False
2018-Es-02050,False,False,False,False,False,False,False,False,True,False,False
2018-Es-06328,False,False,False,False,False,False,False,False,False,False,False
2018-Es-05684,False,False,False,False,False,False,False,False,True,False,False
2018-Es-01828,False,False,False,False,False,False,False,False,False,False,False
2018-Es-03816,False,False,False,True,False,False,False,False,False,False,False
2018-Es-01351,False,False,False,False,False,False,False,False,False,False,False
2018-Es-06085,False,False,False,False,False,False,False,True,True,False,False
2018-Es-05132,False,False,False,False,False,False,False,False,True,False,False
2018-Es-00113,False,False,False,False,False,False,False,True,False,False,False
2018-Es-02749,False,False,False,False,False,False,False,False,False,False,False
2018-Es-06837,False,False,False,False,False,False,True,False,True,False,False
2018-Es-05043,False,False,False,False,True,False,False,False,False,False,False
2018-Es-02993,True,False,False,False,False,False,False,False,False,False,False
2018-Es-02448,False,False,False,False,False,False,False,False,True,False,False
2018-Es-04817,False,False,False,True,False,False,False,False,True,False,False
2018-Es-06235,False,False,True,False,False,False,False,False,False,False,False
2018-Es-01344,False,False,False,False,False,False,False,False,False,False,False
2018-Es-04205,False,False,False,False,False,False,False,False,True,False,False
2018-Es-06121,False,False,False,False,False,False,False,False,False,False,False
2018-Es-02736,False,False,False,False,True,False,False,False,True,False,False
2018-Es-00807,False,False,False,False,False,False,False,False,True,False,False
2018-Es-03425,True,False,False,False,False,False,False,False,False,False,False
2018-Es-05637,False,True,False,False,False,False,False,False,False,False,False
2018-Es-01152,False,False,False,False,False,False,False,False,False,False,False
2018-Es-01108,False,False,False,False,True,False,False,False,False,False,False
2018-Es-00118,False,False,False,False,False,False,False,False,False,False,False
2018-Es-06524,False,False,False,False,False,False,False,False,True,False,False
2018-Es-00695,True,False,True,False,False,False,False,False,False,False,False
2018-Es-04450,True,False,False,False,False,False,False,False,False,False,False
2018-Es-00354,True,False,False,False,False,False,False,False,False,False,False
2018-Es-01366,True,False,False,False,False,False,False,False,False,False,False
2018-Es-00001,False,False,False,False,False,False,False,False,True,False,False
2018-Es-01412,True,False,True,False,False,False,False,False,False,False,False
2018-Es-03297,False,False,False,False,True,False,False,False,False,False,False
2018-Es-00744,False,False,False,False,False,False,True,False,False,False,False
2018-Es-00271,True,False,False,False,False,False,False,False,False,False,False
2018-Es-05466,False,False,False,False,False,False,False,False,False,False,False
2018-Es-03740,False,True,False,False,True,False,False,False,False,False,False
2018-Es-06020,False,False,False,False,False,False,False,False,False,False,False
2018-Es-04499,True,False,False,False,False,False,False,False,True,False,False
2018-Es-03481,False,False,False,False,False,False,False,False,True,False,False
2018-Es-02181,False,False,False,False,True,False,False,False,False,False,False
2018-Es-06385,True,False,False,False,False,False,False,False,False,False,True
2018-Es-01810,False,True,False,False,False,False,False,False,False,False,False
2018-Es-00372,False,False,False,False,True,True,False,False,False,False,False
2018-Es-00074,True,False,False,False,False,False,False,False,False,False,False
2018-Es-01321,False,False,False,False,False,False,False,False,True,False,False
2018-Es-06067,False,False,False,False,False,False,False,False,False,False,False
2018-Es-04736,False,False,False,False,False,False,False,False,False,False,False
2018-Es-02438,False,False,False,False,True,False,False,False,False,False,False
2018-Es-02211,False,False,False,False,False,False,False,False,False,False,False
2018-Es-04548,False,False,False,False,False,False,False,False,False,False,False
2018-Es-00058,False,False,False,True,False,False,False,False,False,False,False
2018-Es-04360,True,False,False,False,False,False,False,False,False,False,False
2018-Es-00697,True,False,True,False,False,False,False,False,False,False,False
2018-Es-02679,False,False,False,False,True,False,False,False,False,False,False
2018-Es-06338,False,False,False,False,False,False,False,False,True,False,False
2018-Es-04811,False,False,False,False,False,False,False,False,True,False,False
2018-Es-03977,False,True,False,False,False,False,False,False,False,False,False
2018-Es-04275,False,False,False,False,False,False,False,False,False,False,False
2018-Es-05761,True,False,False,True,False,False,False,False,False,False,False
2018-Es-03882,False,False,False,False,False,False,False,False,False,False,False
2018-Es-06698,False,False,False,False,False,False,False,False,True,False,False
2018-Es-03179,False,False,False,False,False,False,False,False,False,False,False
2018-Es-04721,False,False,False,False,False,False,False,False,False,False,False
2018-Es-00766,True,False,False,True,False,False,False,False,False,False,False
2018-Es-02293,False,False,False,False,True,False,False,False,False,False,False
2018-Es-04169,False,False,False,False,False,False,False,False,True,False,False
2018-Es-06850,False,False,False,False,False,False,False,False,False,False,False
2018-Es-03418,False,False,False,False,False,False,False,False,False,False,False
2018-Es-06228,False,False,False,False,False,False,False,False,False,False,False
2018-Es-02362,True,False,True,False,False,False,False,False,True,False,False
2018-Es-04007,False,False,False,False,True,False,False,False,False,True,False
2018-Es-05056,False,False,False,False,True,False,False,True,False,False,False
2018-Es-03347,True,False,False,False,False,False,False,False,False,False,False
2018-Es-06611,False,False,False,True,False,False,False,False,False,False,False
2018-Es-02105,False,False,False,False,False,False,False,False,False,False,False
2018-Es-02187,True,False,False,False,False,False,False,False,False,False,False
2018-Es-01620,False,False,True,False,False,False,False,False,False,False,False
2018-Es-00201,False,False,False,True,False,False,False,True,False,False,False
2018-Es-02865,False,False,False,False,False,False,False,False,False,False,False
2018-Es-02767,False,False,False,False,False,False,False,False,False,False,True
2018-Es-03654,False,False,False,False,False,False,False,False,False,False,False
2018-Es-04734,False,False,False,False,False,False,False,False,True,False,False
2018-Es-01956,False,False,False,False,True,False,False,False,False,False,False
2018-Es-01172,True,False,False,False,False,False,True,False,False,False,False
2018-Es-03009,True,False,False,False,False,False,False,False,False,False,False
2018-Es-04760,False,False,False,False,True,False,False,False,False,False,False
2018-Es-01304,False,False,False,True,False,False,False,False,True,False,False
2018-Es-00757,True,False,True,False,False,False,False,False,True,False,False
2018-Es-04763,False,False,False,False,False,False,False,False,False,False,False
2018-Es-04068,False,False,False,False,False,False,False,False,False,False,False
2018-Es-05571,False,False,False,False,False,False,False,False,False,False,False
2018-Es-06346,False,False,False,False,False,False,False,False,False,False,False
2018-Es-00361,False,False,False,False,False,False,False,False,False,False,False
2018-Es-05389,False,False,False,False,False,False,False,False,False,False,False
2018-Es-01658,True,False,False,False,True,False,False,False,False,False,False
2018-Es-01854,True,False,False,False,False,False,False,False,False,False,False
2018-Es-02710,False,False,False,False,True,False,True,False,False,False,True
2018-Es-00262,False,False,False,False,False,False,False,False,False,False,False
2018-Es-05601,False,False,False,False,False,False,True,False,False,False,False
2018-Es-00323,False,False,False,False,False,False,False,False,False,False,False
2018-Es-01901,False,False,False,False,False,False,True,False,False,False,False
2018-Es-03092,False,True,False,False,False,False,False,False,False,False,False
2018-Es-04134,False,False,False,False,False,False,True,False,False,False,False
2018-Es-02091,False,False,False,False,True,False,False,False,False,False,False
2018-Es-06130,True,False,False,False,False,False,False,False,False,False,False
2018-Es-04136,True,False,True,False,False,False,False,False,False,False,False
2018-Es-02893,False,False,False,False,False,False,False,False,False,False,False
2018-Es-06483,True,False,False,False,False,False,False,True,False,False,False
2018-Es-04770,False,False,False,True,False,False,False,False,False,False,False
2018-Es-05545,False,False,False,False,False,False,False,False,False,False,False
2018-Es-03677,False,False,False,False,True,False,False,False,False,False,False
2018-Es-06347,False,False,False,True,False,False,False,False,False,False,False
2018-Es-04744,False,False,False,False,False,False,False,False,False,False,False
2018-Es-01025,True,False,False,False,False,False,False,False,False,False,False
2018-Es-06616,False,True,False,False,True,False,False,False,False,False,False
2018-Es-03950,False,False,False,True,False,False,False,False,False,False,False
2018-Es-05344,False,True,False,False,False,False,False,True,False,False,False
2018-Es-06572,False,False,False,False,False,False,False,False,True,False,False
2018-Es-01095,False,False,False,False,False,False,False,False,False,False,False
2018-Es-06797,False,False,False,False,True,False,False,False,False,False,False
2018-Es-04482,False,False,False,False,True,False,False,False,False,False,False
2018-Es-05587,True,False,False,False,False,False,False,False,True,False,False
2018-Es-00608,False,False,False,False,True,False,False,False,True,False,False
2018-Es-02168,False,False,False,False,False,False,False,False,False,False,False
2018-Es-00648,True,False,False,False,False,False,False,False,False,False,False
2018-Es-02390,False,False,False,False,True,False,False,False,False,False,False
2018-Es-01681,False,False,False,False,True,False,True,False,False,False,False
2018-Es-05029,True,False,False,False,False,False,False,False,False,False,False
2018-Es-06237,False,False,False,False,False,False,False,False,True,False,False
2018-Es-06129,False,False,False,False,True,False,False,False,False,False,False
2018-Es-05048,False,False,False,False,False,False,False,False,True,False,False
2018-Es-02639,True,True,False,False,False,False,False,False,False,False,False
2018-Es-05136,False,False,False,False,False,False,False,False,False,False,False
2018-Es-03594,True,False,False,False,False,False,False,False,False,False,False
2018-Es-02851,False,False,False,False,False,False,False,False,True,False,False
2018-Es-02907,True,False,False,False,False,False,False,False,False,False,False
2018-Es-05422,False,False,False,False,False,False,False,False,False,False,False
2018-Es-05325,False,False,False,False,False,False,True,False,False,False,False
2018-Es-00987,False,False,False,False,True,False,True,False,False,False,False
2018-Es-04079,False,False,False,True,False,False,False,False,False,False,False
2018-Es-06241,False,False,False,True,False,False,False,True,False,False,False
2018-Es-05705,True,False,False,False,False,False,False,False,False,False,False
2018-Es-00167,False,False,False,False,True,False,False,False,False,False,False
2018-Es-05739,False,False,False,False,False,False,False,False,False,False,False
2018-Es-01579,False,False,False,False,True,False,False,False,False,False,False
2018-Es-03561,False,True,False,False,False,False,False,False,False,False,False
2018-Es-00749,False,False,False,False,False,False,False,False,False,False,False
2018-Es-00791,True,False,False,False,False,False,False,False,False,False,False
2018-Es-06520,False,False,False,False,False,False,False,False,False,False,False
2018-Es-03240,False,False,False,False,False,True,False,False,False,False,False
2018-Es-05066,False,False,False,False,False,False,False,False,False,False,False
2018-Es-03410,False,False,False,False,False,False,False,False,False,False,False
2018-Es-03542,False,False,False,False,False,False,False,False,False,False,False
2018-Es-04447,False,False,False,False,True,False,False,False,False,False,False
2018-Es-06226,False,False,False,False,False,False,False,False,False,False,True
2018-Es-06455,False,False,False,False,False,False,False,False,False,False,False
2018-Es-04367,False,False,False,False,True,False,False,False,False,False,False
2018-Es-02089,False,False,False,False,True,False,False,False,False,False,False
2018-Es-06073,False,False,False,False,False,False,False,False,False,False,False
2018-Es-05023,False,False,True,False,False,False,False,False,False,False,False
2018-Es-01485,False,False,False,False,False,False,False,True,True,False,False
2018-Es-00942,False,False,False,False,False,False,False,False,False,False,False
2018-Es-02378,False,False,False,True,True,False,False,False,False,False,False
2018-Es-03942,False,False,False,False,False,False,False,False,False,False,False
2018-Es-00511,False,False,False,False,False,False,False,False,True,False,False
2018-Es-00192,False,False,False,False,True,False,False,False,False,False,False
2018-Es-02973,False,False,True,False,False,False,False,True,False,False,False
2018-Es-05035,False,False,False,False,False,False,False,True,True,False,False
2018-Es-06619,False,False,False,False,False,False,False,True,False,False,False
2018-Es-04608,False,False,False,False,True,True,False,False,False,False,False
2018-Es-02879,False,False,False,False,False,False,False,False,True,False,False
2018-Es-00293,False,False,False,False,True,False,False,False,False,False,False
2018-Es-04048,False,False,False,False,False,False,False,False,True,False,False
2018-Es-00592,False,False,False,True,False,False,False,False,False,False,False
2018-Es-01195,False,False,False,False,True,False,False,False,False,False,False
2018-Es-03153,False,False,True,False,False,False,False,False,True,False,False
2018-Es-03746,False,False,False,False,False,False,False,False,False,False,False
2018-Es-02860,False,False,False,False,True,False,False,False,False,False,False
2018-Es-06146,False,False,False,False,True,False,False,False,True,False,False
2018-Es-04816,False,True,False,False,False,False,False,False,False,False,False
2018-Es-05872,False,True,False,False,False,False,False,False,False,False,False
2018-Es-02531,False,False,False,True,False,False,False,False,False,False,False
2018-Es-03490,False,False,False,False,False,False,False,False,False,False,False
2018-Es-00330,True,False,False,False,False,False,False,False,False,False,False
2018-Es-02264,False,False,False,False,True,False,False,False,False,False,False
2018-Es-04308,False,False,False,False,True,False,False,False,False,False,False
2018-Es-05495,False,False,False,False,True,False,False,False,False,False,False
2018-Es-01420,False,False,False,False,True,False,False,False,False,False,False
2018-Es-05208,False,False,False,False,False,False,False,False,False,False,False
2018-Es-01466,True,False,False,False,False,False,False,False,False,False,False
2018-Es-05802,False,True,False,False,False,False,False,False,False,False,False
2018-Es-03618,True,False,False,False,False,False,False,False,False,False,False
2018-Es-02382,False,False,False,False,False,False,False,False,False,False,False
2018-Es-04646,False,False,False,False,False,False,False,False,False,False,False
2018-Es-02636,False,False,True,False,False,False,False,False,False,False,False
2018-Es-03724,True,False,False,False,False,True,False,False,False,False,False
2018-Es-01258,False,False,False,False,False,False,False,False,False,False,False
2018-Es-03507,False,False,False,False,False,False,False,False,True,False,False
2018-Es-00838,False,False,False,False,False,False,False,False,False,False,False
2018-Es-02001,False,True,False,False,False,False,False,False,False,False,False
2018-Es-05511,False,False,False,False,True,False,False,False,True,False,False
2018-Es-01829,True,False,False,False,False,False,False,False,False,False,False
2018-Es-04286,False,False,False,False,False,False,False,False,True,False,False
2018-Es-02770,False,False,False,False,False,False,False,True,True,False,False
2018-Es-06290,False,False,False,False,False,False,False,True,True,False,False
2018-Es-05823,False,True,False,False,False,False,True,False,False,False,False
2018-Es-02595,True,False,False,False,False,False,False,False,False,False,False
2018-Es-02185,False,False,False,False,False,False,False,True,False,False,False
2018-Es-01555,False,False,False,False,False,False,False,False,False,False,False
2018-Es-00567,False,False,False,False,False,False,False,False,False,False,False
2018-Es-05603,False,False,False,False,False,False,False,False,False,False,False
2018-Es-04211,True,False,False,False,False,True,False,False,False,False,False
2018-Es-01419,True,False,False,False,False,False,False,False,False,False,False
2018-Es-02827,True,False,False,False,False,False,False,False,False,True,False
2018-Es-03195,False,False,False,False,True,False,False,False,False,False,False
2018-Es-01672,False,False,False,False,False,False,False,False,True,False,False
2018-Es-01306,True,False,False,False,False,False,False,False,False,False,False
2018-Es-06869,False,False,False,False,True,False,False,False,False,False,False
2018-Es-02045,False,False,False,False,True,False,False,False,False,False,False
2018-Es-04430,True,True,False,False,False,False,False,False,False,False,False
2018-Es-05341,False,False,False,False,False,False,False,False,False,False,False
2018-Es-01274,False,False,False,False,True,False,False,False,False,False,False
2018-Es-02506,False,False,False,False,True,False,False,False,False,False,False
2018-Es-05242,False,False,False,False,False,False,False,False,True,False,False
2018-Es-05299,False,False,False,False,False,False,False,True,False,False,False
2018-Es-00723,False,False,False,False,False,False,False,False,False,False,True
2018-Es-00698,False,False,False,False,False,False,False,True,True,False,False
2018-Es-00150,False,False,False,False,False,False,False,False,False,False,False
2018-Es-01235,False,False,False,False,False,False,False,False,False,False,False
2018-Es-00256,False,False,False,False,False,False,False,False,False,False,False
2018-Es-04128,False,False,False,False,True,False,False,True,False,False,False
2018-Es-02905,False,False,False,False,True,False,False,False,False,False,False
2018-Es-04564,False,False,False,False,False,False,False,True,False,False,False
2018-Es-03008,False,False,False,False,False,False,False,False,False,False,False
2018-Es-03661,False,True,False,False,False,False,False,False,False,False,False
2018-Es-01929,False,False,False,False,False,False,False,True,False,False,False
2018-Es-01650,False,False,False,False,False,False,False,False,True,False,False
2018-Es-02274,False,False,False,False,False,False,False,False,False,False,False
2018-Es-00430,False,False,False,False,False,False,False,False,False,False,False
2018-Es-02339,False,False,False,False,True,False,False,False,False,False,False
2018-Es-05643,False,False,False,False,False,False,False,False,False,False,False
2018-Es-04713,False,False,False,False,False,False,False,False,False,False,False
2018-Es-01561,False,False,False,False,True,True,False,False,False,False,False
2018-Es-01778,True,False,False,False,False,False,False,False,True,False,False
2018-Es-05672,False,False,False,False,False,False,False,False,True,False,False
2018-Es-03199,False,False,False,False,True,False,False,False,False,False,False
2018-Es-06156,False,False,True,False,False,False,False,False,False,False,False
2018-Es-04767,True,False,True,False,False,False,False,False,True,False,False
2018-Es-03903,False,False,False,False,False,False,False,False,False,False,False
2018-Es-06768,False,False,False,False,False,False,False,False,True,False,False
2018-Es-02373,False,False,False,False,False,False,False,False,True,False,False
2018-Es-00318,False,False,False,False,False,False,False,False,False,False,False
2018-Es-04032,False,False,False,False,False,False,False,False,False,False,False
2018-Es-01333,True,False,False,False,False,False,False,False,False,False,False
2018-Es-04872,False,False,False,False,False,False,False,False,False,False,False
2018-Es-03553,False,False,False,False,True,False,False,False,False,False,False
2018-Es-05443,False,False,False,False,False,False,False,True,False,False,False
2018-Es-02205,False,False,False,False,False,True,False,False,False,False,False
2018-Es-00268,False,False,False,False,False,False,False,False,False,False,False
2018-Es-01599,False,False,False,False,False,False,False,False,True,False,False
2018-Es-06112,False,False,False,False,False,False,False,False,False,False,False
2018-Es-06904,False,False,False,False,True,False,False,False,False,False,False
2018-Es-00237,False,False,False,False,False,False,False,False,False,False,False
2018-Es-01197,False,False,False,False,True,False,False,False,False,False,False
2018-Es-02978,False,False,False,False,True,False,False,False,False,False,False
2018-Es-03627,False,False,False,False,True,False,False,True,False,False,False
2018-Es-01206,True,False,False,False,False,False,False,False,True,False,False
2018-Es-05362,True,False,False,False,True,False,False,False,False,False,False
2018-Es-02685,False,False,False,False,False,False,False,True,False,False,False
2018-Es-03560,False,False,True,False,False,False,False,True,True,False,False
2018-Es-06747,True,False,False,False,False,False,False,False,False,False,False
2018-Es-02182,True,False,False,False,False,False,False,False,False,False,False
2018-Es-05502,False,False,False,False,False,False,False,False,True,False,False
2018-Es-01376,False,False,False,False,True,False,False,False,False,False,False
2018-Es-05508,False,False,False,False,False,False,False,False,False,False,True
2018-Es-06425,False,False,False,False,False,False,False,False,False,False,False
2018-Es-02477,True,False,True,False,False,False,False,True,True,False,False
2018-Es-00498,False,False,False,False,False,False,False,False,True,False,False
2018-Es-02115,False,False,False,False,False,False,False,False,False,False,False
2018-Es-03334,False,False,False,False,False,False,False,False,False,False,True
2018-Es-06843,False,False,False,False,True,True,False,False,False,False,False
2018-Es-03015,False,False,False,False,True,False,True,False,False,False,False
2018-Es-01036,True,False,False,False,False,False,False,False,False,False,False
2018-Es-00441,False,False,False,False,False,False,False,False,False,False,False
2018-Es-05715,False,False,False,False,False,False,False,True,False,False,False
2018-Es-03688,False,False,False,False,True,False,False,False,False,False,False
2018-Es-05403,False,False,False,True,True,False,False,False,False,False,False
2018-Es-06438,False,False,False,False,True,False,False,False,False,False,False
2018-Es-02135,False,False,False,False,False,False,False,True,True,False,False
2018-Es-04789,False,False,False,True,False,True,False,False,False,False,False
2018-Es-05538,True,False,True,False,False,False,False,False,True,False,False
2018-Es-01836,False,False,False,False,False,False,False,True,False,False,False
2018-Es-01646,False,False,False,False,False,False,False,False,False,False,False
2018-Es-00061,True,False,False,False,False,False,False,False,False,False,False
2018-Es-03679,False,False,False,False,False,False,False,False,True,False,False
2018-Es-05016,False,False,False,False,True,False,False,False,False,False,False
2018-Es-01118,False,False,False,False,False,True,False,False,True,False,False
2018-Es-03601,False,False,False,False,False,False,False,False,False,False,False
2018-Es-01694,False,False,False,False,False,False,False,False,False,False,False
2018-Es-00618,False,False,False,False,False,False,False,False,False,False,False
2018-Es-06583,False,False,False,False,True,False,False,False,False,False,False
2018-Es-01413,False,False,False,False,True,False,False,False,False,False,False
2018-Es-05144,False,False,False,False,False,False,False,False,False,False,False
2018-Es-01623,False,False,False,False,False,False,False,True,False,False,False
2018-Es-00659,False,False,False,False,False,False,False,False,False,False,False
2018-Es-04634,True,False,False,False,True,False,False,False,False,False,False
2018-Es-03540,False,False,False,True,False,False,False,False,False,False,False
2018-Es-03825,False,False,False,False,False,False,False,False,False,False,False
2018-Es-03059,False,False,False,False,False,False,False,False,True,False,False
2018-Es-00812,False,False,False,False,False,False,False,False,False,False,False
2018-Es-00291,False,False,False,True,False,False,False,False,False,False,False
2018-Es-00957,False,False,False,False,False,False,False,False,True,False,False
2018-Es-00401,False,False,False,False,False,False,False,False,False,False,False
2018-Es-01787,False,False,False,False,True,False,False,False,False,False,False
2018-Es-02328,False,False,False,False,True,False,False,False,False,False,False
2018-Es-02510,False,False,False,True,False,False,False,False,False,False,False
2018-Es-04898,False,False,False,False,False,False,False,False,False,False,False
2018-Es-01243,True,False,True,False,True,False,False,False,False,False,False
2018-Es-06052,False,False,False,False,False,False,False,False,False,False,False
2018-Es-01004,True,False,False,False,False,False,False,False,False,False,False
2018-Es-04187,False,False,False,False,True,False,False,False,False,False,False
2018-Es-01218,False,False,False,False,True,False,False,False,False,False,False
2018-Es-00809,False,False,False,False,False,False,False,False,False,False,False
2018-Es-04278,False,False,False,False,True,False,False,False,False,False,False
2018-Es-01442,False,False,False,False,False,False,False,False,False,False,False
2018-Es-01986,False,False,False,False,True,False,False,False,False,False,False
2018-Es-05563,False,False,False,False,True,False,False,False,True,False,False
2018-Es-01342,False,False,True,False,False,False,False,False,False,False,False
2018-Es-06105,False,False,False,False,True,False,False,False,True,False,False
2018-Es-00616,False,False,False,False,True,True,False,False,False,False,False
2018-Es-01038,True,False,False,False,False,False,False,False,False,False,False
2018-Es-04481,False,False,False,False,False,False,False,False,True,False,False
2018-Es-00345,False,False,False,False,False,False,False,False,True,False,False
2018-Es-01856,True,False,False,False,False,False,False,False,False,False,False
2018-Es-06293,True,False,False,False,False,False,False,False,False,False,False
2018-Es-00578,False,False,False,False,True,False,False,False,False,False,False
2018-Es-00773,False,False,False,False,False,False,False,False,True,False,False
2018-Es-06551,False,True,False,False,True,False,False,False,False,False,False
2018-Es-02782,False,False,False,False,False,False,False,False,False,False,False
2018-Es-01308,False,False,False,False,False,False,False,False,False,False,False
2018-Es-02136,False,False,False,False,False,False,False,False,False,False,False
2018-Es-03951,False,False,False,False,False,False,False,False,False,False,False
